{"initial_reset_timestamp": 1596393370.281857, "timestamps": [1596393462.8537033, 1596393545.5722077, 1596393565.145701, 1596400648.2938452, 1596400736.260445, 1596407880.6574025, 1596407970.132079, 1596408060.037359, 1596415461.1193511, 1596415551.216322, 1596415639.4334977, 1596423164.8635566, 1596423257.4573874, 1596423349.0425615, 1596431099.9537141, 1596431208.3709753, 1596431306.1542962, 1596439134.541948, 1596439186.6194246, 1596439298.7774243, 1596447530.7967074, 1596447633.974131, 1596447734.4768686, 1596455964.07016, 1596456066.9513, 1596456128.4415731, 1596464642.5575635, 1596464675.7650044, 1596464783.7348104, 1596473465.4832034, 1596473570.436745, 1596473676.2564213, 1596482631.2421627, 1596482748.2517784, 1596482856.6196756, 1596492007.4123003, 1596492120.3510287, 1596492237.2713869, 1596495424.0715594], "episode_lengths": [8000, 8000, 233, 8000, 8000, 8000, 8000, 8000, 8000, 8000, 8000, 8000, 8000, 8000, 8000, 8000, 8000, 8000, 3327, 8000, 8000, 8000, 8000, 8000, 8000, 4008, 8000, 1363, 8000, 8000, 8000, 8000, 8000, 8000, 8000, 8000, 8000, 8000, 8000], "episode_rewards": [23.0, 5.0, 0.0, 13.0, 2.0, 17.0, 12.0, 12.0, 9.0, 2.0, 12.0, 7.0, 2.0, 6.0, 11.0, 8.0, 6.0, 9.0, 7.0, 23.0, 13.0, 19.0, 19.0, 1.0, 12.0, 13.0, 27.0, 1.0, 18.0, 2.0, 10.0, 17.0, 5.0, 27.0, 7.0, 23.0, 2.0, 9.0, 11.0], "episode_types": ["t", "t", "t", "t", "t", "t", "t", "t", "t", "t", "t", "t", "t", "t", "t", "t", "t", "t", "t", "t", "t", "t", "t", "t", "t", "t", "t", "t", "t", "t", "t", "t", "t", "t", "t", "t", "t", "t", "t"]}